Domain Code,Domain,Area Code (FAO),Area,Element Code,Element,Item Code (FAO),Item,Year Code,Year,Unit,Value,Flag,Flag Description
"QCL","Crops and livestock products","7","Angola","5312","Area harvested","656","Coffee, green","2019","2019","ha","55188","Im","FAO data based on imputation methodology"
"QCL","Crops and livestock products","7","Angola","5419","Yield","656","Coffee, green","2019","2019","hg/ha","3073","Fc","Calculated data"
"QCL","Crops and livestock products","7","Angola","5510","Production","656","Coffee, green","2019","2019","tonnes","16961","Im","FAO data based on imputation methodology"
"QCL","Crops and livestock products","23","Belize","5312","Area harvested","656","Coffee, green","2019","2019","ha","121","Im","FAO data based on imputation methodology"
"QCL","Crops and livestock products","23","Belize","5419","Yield","656","Coffee, green","2019","2019","hg/ha","7273","Fc","Calculated data"
"QCL","Crops and livestock products","23","Belize","5510","Production","656","Coffee, green","2019","2019","tonnes","88","Im","FAO data based on imputation methodology"
"QCL","Crops and livestock products","53","Benin","5312","Area harvested","656","Coffee, green","2019","2019","ha","221","Im","FAO data based on imputation methodology"
"QCL","Crops and livestock products","53","Benin","5419","Yield","656","Coffee, green","2019","2019","hg/ha","1900","Fc","Calculated data"
"QCL","Crops and livestock products","53","Benin","5510","Production","656","Coffee, green","2019","2019","tonnes","42","Im","FAO data based on imputation methodology"
"QCL","Crops and livestock products","19","Bolivia (Plurinational State of)","5312","Area harvested","656","Coffee, green","2019","2019","ha","25500","","Official data"
"QCL","Crops and livestock products","19","Bolivia (Plurinational State of)","5419","Yield","656","Coffee, green","2019","2019","hg/ha","9742","Fc","Calculated data"
"QCL","Crops and livestock products","19","Bolivia (Plurinational State of)","5510","Production","656","Coffee, green","2019","2019","tonnes","24841","","Official data"
"QCL","Crops and livestock products","21","Brazil","5312","Area harvested","656","Coffee, green","2019","2019","ha","1823403","","Official data"
"QCL","Crops and livestock products","21","Brazil","5419","Yield","656","Coffee, green","2019","2019","hg/ha","16504","Fc","Calculated data"
"QCL","Crops and livestock products","21","Brazil","5510","Production","656","Coffee, green","2019","2019","tonnes","3009402","","Official data"
"QCL","Crops and livestock products","29","Burundi","5312","Area harvested","656","Coffee, green","2019","2019","ha","15389","Im","FAO data based on imputation methodology"
"QCL","Crops and livestock products","29","Burundi","5419","Yield","656","Coffee, green","2019","2019","hg/ha","9136","Fc","Calculated data"
"QCL","Crops and livestock products","29","Burundi","5510","Production","656","Coffee, green","2019","2019","tonnes","14059","","Official data"
"QCL","Crops and livestock products","35","Cabo Verde","5312","Area harvested","656","Coffee, green","2019","2019","ha","0","Im","FAO data based on imputation methodology"
"QCL","Crops and livestock products","35","Cabo Verde","5510","Production","656","Coffee, green","2019","2019","tonnes","0","","Official data"
"QCL","Crops and livestock products","115","Cambodia","5312","Area harvested","656","Coffee, green","2019","2019","ha","480","Im","FAO data based on imputation methodology"
"QCL","Crops and livestock products","115","Cambodia","5419","Yield","656","Coffee, green","2019","2019","hg/ha","8000","Fc","Calculated data"
"QCL","Crops and livestock products","115","Cambodia","5510","Production","656","Coffee, green","2019","2019","tonnes","384","Im","FAO data based on imputation methodology"
"QCL","Crops and livestock products","32","Cameroon","5312","Area harvested","656","Coffee, green","2019","2019","ha","89898","Im","FAO data based on imputation methodology"
"QCL","Crops and livestock products","32","Cameroon","5419","Yield","656","Coffee, green","2019","2019","hg/ha","3121","Fc","Calculated data"
"QCL","Crops and livestock products","32","Cameroon","5510","Production","656","Coffee, green","2019","2019","tonnes","28058","Im","FAO data based on imputation methodology"
"QCL","Crops and livestock products","37","Central African Republic","5312","Area harvested","656","Coffee, green","2019","2019","ha","48813","Im","FAO data based on imputation methodology"
"QCL","Crops and livestock products","37","Central African Republic","5419","Yield","656","Coffee, green","2019","2019","hg/ha","2075","Fc","Calculated data"
"QCL","Crops and livestock products","37","Central African Republic","5510","Production","656","Coffee, green","2019","2019","tonnes","10129","Im","FAO data based on imputation methodology"
"QCL","Crops and livestock products","351","China","5312","Area harvested","656","Coffee, green","2019","2019","ha","39607","A","Aggregate, may include official, semi-official, estimated or calculated data"
"QCL","Crops and livestock products","351","China","5419","Yield","656","Coffee, green","2019","2019","hg/ha","30298","Fc","Calculated data"
"QCL","Crops and livestock products","351","China","5510","Production","656","Coffee, green","2019","2019","tonnes","120000","A","Aggregate, may include official, semi-official, estimated or calculated data"
"QCL","Crops and livestock products","41","China, mainland","5312","Area harvested","656","Coffee, green","2019","2019","ha","39607","Im","FAO data based on imputation methodology"
"QCL","Crops and livestock products","41","China, mainland","5419","Yield","656","Coffee, green","2019","2019","hg/ha","30298","Fc","Calculated data"
"QCL","Crops and livestock products","41","China, mainland","5510","Production","656","Coffee, green","2019","2019","tonnes","120000","*","Unofficial figure"
"QCL","Crops and livestock products","214","China, Taiwan Province of","5312","Area harvested","656","Coffee, green","2019","2019","ha","0","Im","FAO data based on imputation methodology"
"QCL","Crops and livestock products","214","China, Taiwan Province of","5510","Production","656","Coffee, green","2019","2019","tonnes","0","Im","FAO data based on imputation methodology"
"QCL","Crops and livestock products","44","Colombia","5312","Area harvested","656","Coffee, green","2019","2019","ha","853700","","Official data"
"QCL","Crops and livestock products","44","Colombia","5419","Yield","656","Coffee, green","2019","2019","hg/ha","10368","Fc","Calculated data"
"QCL","Crops and livestock products","44","Colombia","5510","Production","656","Coffee, green","2019","2019","tonnes","885120","","Official data"
"QCL","Crops and livestock products","45","Comoros","5312","Area harvested","656","Coffee, green","2019","2019","ha","1102","Im","FAO data based on imputation methodology"
"QCL","Crops and livestock products","45","Comoros","5419","Yield","656","Coffee, green","2019","2019","hg/ha","1279","Fc","Calculated data"
"QCL","Crops and livestock products","45","Comoros","5510","Production","656","Coffee, green","2019","2019","tonnes","141","Im","FAO data based on imputation methodology"
"QCL","Crops and livestock products","46","Congo","5312","Area harvested","656","Coffee, green","2019","2019","ha","10083","Im","FAO data based on imputation methodology"
"QCL","Crops and livestock products","46","Congo","5419","Yield","656","Coffee, green","2019","2019","hg/ha","3044","Fc","Calculated data"
"QCL","Crops and livestock products","46","Congo","5510","Production","656","Coffee, green","2019","2019","tonnes","3069","Im","FAO data based on imputation methodology"
"QCL","Crops and livestock products","47","Cook Islands","5312","Area harvested","656","Coffee, green","2019","2019","ha","1","Im","FAO data based on imputation methodology"
"QCL","Crops and livestock products","47","Cook Islands","5419","Yield","656","Coffee, green","2019","2019","hg/ha","0","Fc","Calculated data"
"QCL","Crops and livestock products","47","Cook Islands","5510","Production","656","Coffee, green","2019","2019","tonnes","0","Im","FAO data based on imputation methodology"
"QCL","Crops and livestock products","48","Costa Rica","5312","Area harvested","656","Coffee, green","2019","2019","ha","93697","","Official data"
"QCL","Crops and livestock products","48","Costa Rica","5419","Yield","656","Coffee, green","2019","2019","hg/ha","8975","Fc","Calculated data"
"QCL","Crops and livestock products","48","Costa Rica","5510","Production","656","Coffee, green","2019","2019","tonnes","84096","","Official data"
"QCL","Crops and livestock products","107","Côte d'Ivoire","5312","Area harvested","656","Coffee, green","2019","2019","ha","953972","Im","FAO data based on imputation methodology"
"QCL","Crops and livestock products","107","Côte d'Ivoire","5419","Yield","656","Coffee, green","2019","2019","hg/ha","710","Fc","Calculated data"
"QCL","Crops and livestock products","107","Côte d'Ivoire","5510","Production","656","Coffee, green","2019","2019","tonnes","67697","Im","FAO data based on imputation methodology"
"QCL","Crops and livestock products","49","Cuba","5312","Area harvested","656","Coffee, green","2019","2019","ha","16581","Im","FAO data based on imputation methodology"
"QCL","Crops and livestock products","49","Cuba","5419","Yield","656","Coffee, green","2019","2019","hg/ha","3235","Fc","Calculated data"
"QCL","Crops and livestock products","49","Cuba","5510","Production","656","Coffee, green","2019","2019","tonnes","5364","Im","FAO data based on imputation methodology"
"QCL","Crops and livestock products","250","Democratic Republic of the Congo","5312","Area harvested","656","Coffee, green","2019","2019","ha","79400","Im","FAO data based on imputation methodology"
"QCL","Crops and livestock products","250","Democratic Republic of the Congo","5419","Yield","656","Coffee, green","2019","2019","hg/ha","3920","Fc","Calculated data"
"QCL","Crops and livestock products","250","Democratic Republic of the Congo","5510","Production","656","Coffee, green","2019","2019","tonnes","31121","Im","FAO data based on imputation methodology"
"QCL","Crops and livestock products","55","Dominica","5312","Area harvested","656","Coffee, green","2019","2019","ha","1337","Im","FAO data based on imputation methodology"
"QCL","Crops and livestock products","55","Dominica","5419","Yield","656","Coffee, green","2019","2019","hg/ha","1099","Fc","Calculated data"
"QCL","Crops and livestock products","55","Dominica","5510","Production","656","Coffee, green","2019","2019","tonnes","147","Im","FAO data based on imputation methodology"
"QCL","Crops and livestock products","56","Dominican Republic","5312","Area harvested","656","Coffee, green","2019","2019","ha","75263","Im","FAO data based on imputation methodology"
"QCL","Crops and livestock products","56","Dominican Republic","5419","Yield","656","Coffee, green","2019","2019","hg/ha","2025","Fc","Calculated data"
"QCL","Crops and livestock products","56","Dominican Republic","5510","Production","656","Coffee, green","2019","2019","tonnes","15241","","Official data"
"QCL","Crops and livestock products","58","Ecuador","5312","Area harvested","656","Coffee, green","2019","2019","ha","36047","","Official data"
"QCL","Crops and livestock products","58","Ecuador","5419","Yield","656","Coffee, green","2019","2019","hg/ha","2258","Fc","Calculated data"
"QCL","Crops and livestock products","58","Ecuador","5510","Production","656","Coffee, green","2019","2019","tonnes","8141","","Official data"
"QCL","Crops and livestock products","60","El Salvador","5312","Area harvested","656","Coffee, green","2019","2019","ha","160028","Im","FAO data based on imputation methodology"
"QCL","Crops and livestock products","60","El Salvador","5419","Yield","656","Coffee, green","2019","2019","hg/ha","2475","Fc","Calculated data"
"QCL","Crops and livestock products","60","El Salvador","5510","Production","656","Coffee, green","2019","2019","tonnes","39600","*","Unofficial figure"
"QCL","Crops and livestock products","61","Equatorial Guinea","5312","Area harvested","656","Coffee, green","2019","2019","ha","11500","Im","FAO data based on imputation methodology"
"QCL","Crops and livestock products","61","Equatorial Guinea","5419","Yield","656","Coffee, green","2019","2019","hg/ha","3677","Fc","Calculated data"
"QCL","Crops and livestock products","61","Equatorial Guinea","5510","Production","656","Coffee, green","2019","2019","tonnes","4228","Im","FAO data based on imputation methodology"
"QCL","Crops and livestock products","238","Ethiopia","5312","Area harvested","656","Coffee, green","2019","2019","ha","758523","","Official data"
"QCL","Crops and livestock products","238","Ethiopia","5419","Yield","656","Coffee, green","2019","2019","hg/ha","6362","Fc","Calculated data"
"QCL","Crops and livestock products","238","Ethiopia","5510","Production","656","Coffee, green","2019","2019","tonnes","482561","","Official data"
"QCL","Crops and livestock products","66","Fiji","5312","Area harvested","656","Coffee, green","2019","2019","ha","14","Im","FAO data based on imputation methodology"
"QCL","Crops and livestock products","66","Fiji","5419","Yield","656","Coffee, green","2019","2019","hg/ha","5714","Fc","Calculated data"
"QCL","Crops and livestock products","66","Fiji","5510","Production","656","Coffee, green","2019","2019","tonnes","8","Im","FAO data based on imputation methodology"
"QCL","Crops and livestock products","70","French Polynesia","5312","Area harvested","656","Coffee, green","2019","2019","ha","97","Im","FAO data based on imputation methodology"
"QCL","Crops and livestock products","70","French Polynesia","5419","Yield","656","Coffee, green","2019","2019","hg/ha","2268","Fc","Calculated data"
"QCL","Crops and livestock products","70","French Polynesia","5510","Production","656","Coffee, green","2019","2019","tonnes","22","Im","FAO data based on imputation methodology"
"QCL","Crops and livestock products","74","Gabon","5312","Area harvested","656","Coffee, green","2019","2019","ha","251","Im","FAO data based on imputation methodology"
"QCL","Crops and livestock products","74","Gabon","5419","Yield","656","Coffee, green","2019","2019","hg/ha","3426","Fc","Calculated data"
"QCL","Crops and livestock products","74","Gabon","5510","Production","656","Coffee, green","2019","2019","tonnes","86","Im","FAO data based on imputation methodology"
"QCL","Crops and livestock products","81","Ghana","5312","Area harvested","656","Coffee, green","2019","2019","ha","349","Im","FAO data based on imputation methodology"
"QCL","Crops and livestock products","81","Ghana","5419","Yield","656","Coffee, green","2019","2019","hg/ha","17192","Fc","Calculated data"
"QCL","Crops and livestock products","81","Ghana","5510","Production","656","Coffee, green","2019","2019","tonnes","600","Im","FAO data based on imputation methodology"
"QCL","Crops and livestock products","89","Guatemala","5312","Area harvested","656","Coffee, green","2019","2019","ha","308217","Im","FAO data based on imputation methodology"
"QCL","Crops and livestock products","89","Guatemala","5419","Yield","656","Coffee, green","2019","2019","hg/ha","7300","Fc","Calculated data"
"QCL","Crops and livestock products","89","Guatemala","5510","Production","656","Coffee, green","2019","2019","tonnes","225000","*","Unofficial figure"
"QCL","Crops and livestock products","90","Guinea","5312","Area harvested","656","Coffee, green","2019","2019","ha","99833","Im","FAO data based on imputation methodology"
"QCL","Crops and livestock products","90","Guinea","5419","Yield","656","Coffee, green","2019","2019","hg/ha","4233","Fc","Calculated data"
"QCL","Crops and livestock products","90","Guinea","5510","Production","656","Coffee, green","2019","2019","tonnes","42264","Im","FAO data based on imputation methodology"
"QCL","Crops and livestock products","91","Guyana","5312","Area harvested","656","Coffee, green","2019","2019","ha","566","Im","FAO data based on imputation methodology"
"QCL","Crops and livestock products","91","Guyana","5419","Yield","656","Coffee, green","2019","2019","hg/ha","7597","Fc","Calculated data"
"QCL","Crops and livestock products","91","Guyana","5510","Production","656","Coffee, green","2019","2019","tonnes","430","Im","FAO data based on imputation methodology"
"QCL","Crops and livestock products","93","Haiti","5312","Area harvested","656","Coffee, green","2019","2019","ha","40029","Im","FAO data based on imputation methodology"
"QCL","Crops and livestock products","93","Haiti","5419","Yield","656","Coffee, green","2019","2019","hg/ha","5171","Fc","Calculated data"
"QCL","Crops and livestock products","93","Haiti","5510","Production","656","Coffee, green","2019","2019","tonnes","20700","*","Unofficial figure"
"QCL","Crops and livestock products","95","Honduras","5312","Area harvested","656","Coffee, green","2019","2019","ha","420957","Im","FAO data based on imputation methodology"
"QCL","Crops and livestock products","95","Honduras","5419","Yield","656","Coffee, green","2019","2019","hg/ha","11316","Fc","Calculated data"
"QCL","Crops and livestock products","95","Honduras","5510","Production","656","Coffee, green","2019","2019","tonnes","476345","","Official data"
"QCL","Crops and livestock products","100","India","5312","Area harvested","656","Coffee, green","2019","2019","ha","416741","","Official data"
"QCL","Crops and livestock products","100","India","5419","Yield","656","Coffee, green","2019","2019","hg/ha","7667","Fc","Calculated data"
"QCL","Crops and livestock products","100","India","5510","Production","656","Coffee, green","2019","2019","tonnes","319500","","Official data"
"QCL","Crops and livestock products","101","Indonesia","5312","Area harvested","656","Coffee, green","2019","2019","ha","1258032","","Official data"
"QCL","Crops and livestock products","101","Indonesia","5419","Yield","656","Coffee, green","2019","2019","hg/ha","6049","Fc","Calculated data"
"QCL","Crops and livestock products","101","Indonesia","5510","Production","656","Coffee, green","2019","2019","tonnes","760963","","Official data"
"QCL","Crops and livestock products","109","Jamaica","5312","Area harvested","656","Coffee, green","2019","2019","ha","7609","Im","FAO data based on imputation methodology"
"QCL","Crops and livestock products","109","Jamaica","5419","Yield","656","Coffee, green","2019","2019","hg/ha","7343","Fc","Calculated data"
"QCL","Crops and livestock products","109","Jamaica","5510","Production","656","Coffee, green","2019","2019","tonnes","5587","","Official data"
"QCL","Crops and livestock products","114","Kenya","5312","Area harvested","656","Coffee, green","2019","2019","ha","116200","","Official data"
"QCL","Crops and livestock products","114","Kenya","5419","Yield","656","Coffee, green","2019","2019","hg/ha","3830","Fc","Calculated data"
"QCL","Crops and livestock products","114","Kenya","5510","Production","656","Coffee, green","2019","2019","tonnes","44500","","Official data"
"QCL","Crops and livestock products","120","Lao People's Democratic Republic","5312","Area harvested","656","Coffee, green","2019","2019","ha","87817","Im","FAO data based on imputation methodology"
"QCL","Crops and livestock products","120","Lao People's Democratic Republic","5419","Yield","656","Coffee, green","2019","2019","hg/ha","18890","Fc","Calculated data"
"QCL","Crops and livestock products","120","Lao People's Democratic Republic","5510","Production","656","Coffee, green","2019","2019","tonnes","165888","Im","FAO data based on imputation methodology"
"QCL","Crops and livestock products","123","Liberia","5312","Area harvested","656","Coffee, green","2019","2019","ha","2243","Im","FAO data based on imputation methodology"
"QCL","Crops and livestock products","123","Liberia","5419","Yield","656","Coffee, green","2019","2019","hg/ha","2381","Fc","Calculated data"
"QCL","Crops and livestock products","123","Liberia","5510","Production","656","Coffee, green","2019","2019","tonnes","534","Im","FAO data based on imputation methodology"
"QCL","Crops and livestock products","129","Madagascar","5312","Area harvested","656","Coffee, green","2019","2019","ha","112491","Im","FAO data based on imputation methodology"
"QCL","Crops and livestock products","129","Madagascar","5419","Yield","656","Coffee, green","2019","2019","hg/ha","5846","Fc","Calculated data"
"QCL","Crops and livestock products","129","Madagascar","5510","Production","656","Coffee, green","2019","2019","tonnes","65760","","Official data"
"QCL","Crops and livestock products","130","Malawi","5312","Area harvested","656","Coffee, green","2019","2019","ha","5136","Im","FAO data based on imputation methodology"
"QCL","Crops and livestock products","130","Malawi","5419","Yield","656","Coffee, green","2019","2019","hg/ha","21556","Fc","Calculated data"
"QCL","Crops and livestock products","130","Malawi","5510","Production","656","Coffee, green","2019","2019","tonnes","11071","Im","FAO data based on imputation methodology"
"QCL","Crops and livestock products","131","Malaysia","5312","Area harvested","656","Coffee, green","2019","2019","ha","1576","","Official data"
"QCL","Crops and livestock products","131","Malaysia","5419","Yield","656","Coffee, green","2019","2019","hg/ha","22582","Fc","Calculated data"
"QCL","Crops and livestock products","131","Malaysia","5510","Production","656","Coffee, green","2019","2019","tonnes","3559","","Official data"
"QCL","Crops and livestock products","137","Mauritius","5312","Area harvested","656","Coffee, green","2019","2019","ha","","M","Data not available"
"QCL","Crops and livestock products","137","Mauritius","5510","Production","656","Coffee, green","2019","2019","tonnes","","M","Data not available"
"QCL","Crops and livestock products","138","Mexico","5312","Area harvested","656","Coffee, green","2019","2019","ha","629300","","Official data"
"QCL","Crops and livestock products","138","Mexico","5419","Yield","656","Coffee, green","2019","2019","hg/ha","2633","Fc","Calculated data"
"QCL","Crops and livestock products","138","Mexico","5510","Production","656","Coffee, green","2019","2019","tonnes","165712","","Official data"
"QCL","Crops and livestock products","144","Mozambique","5312","Area harvested","656","Coffee, green","2019","2019","ha","863","Im","FAO data based on imputation methodology"
"QCL","Crops and livestock products","144","Mozambique","5419","Yield","656","Coffee, green","2019","2019","hg/ha","9583","Fc","Calculated data"
"QCL","Crops and livestock products","144","Mozambique","5510","Production","656","Coffee, green","2019","2019","tonnes","827","Im","FAO data based on imputation methodology"
"QCL","Crops and livestock products","28","Myanmar","5312","Area harvested","656","Coffee, green","2019","2019","ha","12772","","Official data"
"QCL","Crops and livestock products","28","Myanmar","5419","Yield","656","Coffee, green","2019","2019","hg/ha","6866","Fc","Calculated data"
"QCL","Crops and livestock products","28","Myanmar","5510","Production","656","Coffee, green","2019","2019","tonnes","8769","","Official data"
"QCL","Crops and livestock products","149","Nepal","5312","Area harvested","656","Coffee, green","2019","2019","ha","2876","","Official data"
"QCL","Crops and livestock products","149","Nepal","5419","Yield","656","Coffee, green","2019","2019","hg/ha","2222","Fc","Calculated data"
"QCL","Crops and livestock products","149","Nepal","5510","Production","656","Coffee, green","2019","2019","tonnes","639","","Official data"
"QCL","Crops and livestock products","153","New Caledonia","5312","Area harvested","656","Coffee, green","2019","2019","ha","17","Im","FAO data based on imputation methodology"
"QCL","Crops and livestock products","153","New Caledonia","5419","Yield","656","Coffee, green","2019","2019","hg/ha","1176","Fc","Calculated data"
"QCL","Crops and livestock products","153","New Caledonia","5510","Production","656","Coffee, green","2019","2019","tonnes","2","Im","FAO data based on imputation methodology"
"QCL","Crops and livestock products","157","Nicaragua","5312","Area harvested","656","Coffee, green","2019","2019","ha","180416","Im","FAO data based on imputation methodology"
"QCL","Crops and livestock products","157","Nicaragua","5419","Yield","656","Coffee, green","2019","2019","hg/ha","9644","Fc","Calculated data"
"QCL","Crops and livestock products","157","Nicaragua","5510","Production","656","Coffee, green","2019","2019","tonnes","174000","*","Unofficial figure"
"QCL","Crops and livestock products","159","Nigeria","5312","Area harvested","656","Coffee, green","2019","2019","ha","868","Im","FAO data based on imputation methodology"
"QCL","Crops and livestock products","159","Nigeria","5419","Yield","656","Coffee, green","2019","2019","hg/ha","12869","Fc","Calculated data"
"QCL","Crops and livestock products","159","Nigeria","5510","Production","656","Coffee, green","2019","2019","tonnes","1117","Im","FAO data based on imputation methodology"
"QCL","Crops and livestock products","166","Panama","5312","Area harvested","656","Coffee, green","2019","2019","ha","16117","Im","FAO data based on imputation methodology"
"QCL","Crops and livestock products","166","Panama","5419","Yield","656","Coffee, green","2019","2019","hg/ha","4467","Fc","Calculated data"
"QCL","Crops and livestock products","166","Panama","5510","Production","656","Coffee, green","2019","2019","tonnes","7200","*","Unofficial figure"
"QCL","Crops and livestock products","168","Papua New Guinea","5312","Area harvested","656","Coffee, green","2019","2019","ha","52197","Im","FAO data based on imputation methodology"
"QCL","Crops and livestock products","168","Papua New Guinea","5419","Yield","656","Coffee, green","2019","2019","hg/ha","10658","Fc","Calculated data"
"QCL","Crops and livestock products","168","Papua New Guinea","5510","Production","656","Coffee, green","2019","2019","tonnes","55634","Im","FAO data based on imputation methodology"
"QCL","Crops and livestock products","169","Paraguay","5312","Area harvested","656","Coffee, green","2019","2019","ha","310","","Official data"
"QCL","Crops and livestock products","169","Paraguay","5419","Yield","656","Coffee, green","2019","2019","hg/ha","12871","Fc","Calculated data"
"QCL","Crops and livestock products","169","Paraguay","5510","Production","656","Coffee, green","2019","2019","tonnes","399","","Official data"
"QCL","Crops and livestock products","170","Peru","5312","Area harvested","656","Coffee, green","2019","2019","ha","359508","","Official data"
"QCL","Crops and livestock products","170","Peru","5419","Yield","656","Coffee, green","2019","2019","hg/ha","10105","Fc","Calculated data"
"QCL","Crops and livestock products","170","Peru","5510","Production","656","Coffee, green","2019","2019","tonnes","363291","","Official data"
"QCL","Crops and livestock products","171","Philippines","5312","Area harvested","656","Coffee, green","2019","2019","ha","112024","","Official data"
"QCL","Crops and livestock products","171","Philippines","5419","Yield","656","Coffee, green","2019","2019","hg/ha","5360","Fc","Calculated data"
"QCL","Crops and livestock products","171","Philippines","5510","Production","656","Coffee, green","2019","2019","tonnes","60044","","Official data"
"QCL","Crops and livestock products","177","Puerto Rico","5312","Area harvested","656","Coffee, green","2019","2019","ha","4885","Im","FAO data based on imputation methodology"
"QCL","Crops and livestock products","177","Puerto Rico","5419","Yield","656","Coffee, green","2019","2019","hg/ha","6301","Fc","Calculated data"
"QCL","Crops and livestock products","177","Puerto Rico","5510","Production","656","Coffee, green","2019","2019","tonnes","3078","Im","FAO data based on imputation methodology"
"QCL","Crops and livestock products","184","Rwanda","5312","Area harvested","656","Coffee, green","2019","2019","ha","21793","","Official data"
"QCL","Crops and livestock products","184","Rwanda","5419","Yield","656","Coffee, green","2019","2019","hg/ha","13475","Fc","Calculated data"
"QCL","Crops and livestock products","184","Rwanda","5510","Production","656","Coffee, green","2019","2019","tonnes","29366","","Official data"
"QCL","Crops and livestock products","189","Saint Lucia","5312","Area harvested","656","Coffee, green","2019","2019","ha","","M","Data not available"
"QCL","Crops and livestock products","189","Saint Lucia","5510","Production","656","Coffee, green","2019","2019","tonnes","","M","Data not available"
"QCL","Crops and livestock products","191","Saint Vincent and the Grenadines","5312","Area harvested","656","Coffee, green","2019","2019","ha","585","Im","FAO data based on imputation methodology"
"QCL","Crops and livestock products","191","Saint Vincent and the Grenadines","5419","Yield","656","Coffee, green","2019","2019","hg/ha","3111","Fc","Calculated data"
"QCL","Crops and livestock products","191","Saint Vincent and the Grenadines","5510","Production","656","Coffee, green","2019","2019","tonnes","182","Im","FAO data based on imputation methodology"
"QCL","Crops and livestock products","244","Samoa","5312","Area harvested","656","Coffee, green","2019","2019","ha","40","Im","FAO data based on imputation methodology"
"QCL","Crops and livestock products","244","Samoa","5419","Yield","656","Coffee, green","2019","2019","hg/ha","3000","Fc","Calculated data"
"QCL","Crops and livestock products","244","Samoa","5510","Production","656","Coffee, green","2019","2019","tonnes","12","Im","FAO data based on imputation methodology"
"QCL","Crops and livestock products","193","Sao Tome and Principe","5312","Area harvested","656","Coffee, green","2019","2019","ha","176","Im","FAO data based on imputation methodology"
"QCL","Crops and livestock products","193","Sao Tome and Principe","5419","Yield","656","Coffee, green","2019","2019","hg/ha","398","Fc","Calculated data"
"QCL","Crops and livestock products","193","Sao Tome and Principe","5510","Production","656","Coffee, green","2019","2019","tonnes","7","Im","FAO data based on imputation methodology"
"QCL","Crops and livestock products","194","Saudi Arabia","5312","Area harvested","656","Coffee, green","2019","2019","ha","0","Im","FAO data based on imputation methodology"
"QCL","Crops and livestock products","194","Saudi Arabia","5510","Production","656","Coffee, green","2019","2019","tonnes","0","Im","FAO data based on imputation methodology"
"QCL","Crops and livestock products","197","Sierra Leone","5312","Area harvested","656","Coffee, green","2019","2019","ha","9398","Im","FAO data based on imputation methodology"
"QCL","Crops and livestock products","197","Sierra Leone","5419","Yield","656","Coffee, green","2019","2019","hg/ha","20553","Fc","Calculated data"
"QCL","Crops and livestock products","197","Sierra Leone","5510","Production","656","Coffee, green","2019","2019","tonnes","19316","Im","FAO data based on imputation methodology"
"QCL","Crops and livestock products","38","Sri Lanka","5312","Area harvested","656","Coffee, green","2019","2019","ha","5740","","Official data"
"QCL","Crops and livestock products","38","Sri Lanka","5419","Yield","656","Coffee, green","2019","2019","hg/ha","8514","Fc","Calculated data"
"QCL","Crops and livestock products","38","Sri Lanka","5510","Production","656","Coffee, green","2019","2019","tonnes","4887","","Official data"
"QCL","Crops and livestock products","207","Suriname","5312","Area harvested","656","Coffee, green","2019","2019","ha","225","Im","FAO data based on imputation methodology"
"QCL","Crops and livestock products","207","Suriname","5419","Yield","656","Coffee, green","2019","2019","hg/ha","267","Fc","Calculated data"
"QCL","Crops and livestock products","207","Suriname","5510","Production","656","Coffee, green","2019","2019","tonnes","6","Im","FAO data based on imputation methodology"
"QCL","Crops and livestock products","216","Thailand","5312","Area harvested","656","Coffee, green","2019","2019","ha","36804","","Official data"
"QCL","Crops and livestock products","216","Thailand","5419","Yield","656","Coffee, green","2019","2019","hg/ha","6688","Fc","Calculated data"
"QCL","Crops and livestock products","216","Thailand","5510","Production","656","Coffee, green","2019","2019","tonnes","24614","","Official data"
"QCL","Crops and livestock products","176","Timor-Leste","5312","Area harvested","656","Coffee, green","2019","2019","ha","123077","Im","FAO data based on imputation methodology"
"QCL","Crops and livestock products","176","Timor-Leste","5419","Yield","656","Coffee, green","2019","2019","hg/ha","2019","Fc","Calculated data"
"QCL","Crops and livestock products","176","Timor-Leste","5510","Production","656","Coffee, green","2019","2019","tonnes","24855","Im","FAO data based on imputation methodology"
"QCL","Crops and livestock products","217","Togo","5312","Area harvested","656","Coffee, green","2019","2019","ha","42691","","Official data"
"QCL","Crops and livestock products","217","Togo","5419","Yield","656","Coffee, green","2019","2019","hg/ha","4993","Fc","Calculated data"
"QCL","Crops and livestock products","217","Togo","5510","Production","656","Coffee, green","2019","2019","tonnes","21316","","Official data"
"QCL","Crops and livestock products","219","Tonga","5312","Area harvested","656","Coffee, green","2019","2019","ha","11","Im","FAO data based on imputation methodology"
"QCL","Crops and livestock products","219","Tonga","5419","Yield","656","Coffee, green","2019","2019","hg/ha","14545","Fc","Calculated data"
"QCL","Crops and livestock products","219","Tonga","5510","Production","656","Coffee, green","2019","2019","tonnes","16","Im","FAO data based on imputation methodology"
"QCL","Crops and livestock products","220","Trinidad and Tobago","5312","Area harvested","656","Coffee, green","2019","2019","ha","157","Im","FAO data based on imputation methodology"
"QCL","Crops and livestock products","220","Trinidad and Tobago","5419","Yield","656","Coffee, green","2019","2019","hg/ha","1465","Fc","Calculated data"
"QCL","Crops and livestock products","220","Trinidad and Tobago","5510","Production","656","Coffee, green","2019","2019","tonnes","23","Im","FAO data based on imputation methodology"
"QCL","Crops and livestock products","226","Uganda","5312","Area harvested","656","Coffee, green","2019","2019","ha","469364","Im","FAO data based on imputation methodology"
"QCL","Crops and livestock products","226","Uganda","5419","Yield","656","Coffee, green","2019","2019","hg/ha","5413","Fc","Calculated data"
"QCL","Crops and livestock products","226","Uganda","5510","Production","656","Coffee, green","2019","2019","tonnes","254088","Im","FAO data based on imputation methodology"
"QCL","Crops and livestock products","215","United Republic of Tanzania","5312","Area harvested","656","Coffee, green","2019","2019","ha","170524","Im","FAO data based on imputation methodology"
"QCL","Crops and livestock products","215","United Republic of Tanzania","5419","Yield","656","Coffee, green","2019","2019","hg/ha","3022","Fc","Calculated data"
"QCL","Crops and livestock products","215","United Republic of Tanzania","5510","Production","656","Coffee, green","2019","2019","tonnes","51529","Im","FAO data based on imputation methodology"
"QCL","Crops and livestock products","231","United States of America","5312","Area harvested","656","Coffee, green","2019","2019","ha","2790","","Official data"
"QCL","Crops and livestock products","231","United States of America","5419","Yield","656","Coffee, green","2019","2019","hg/ha","8315","Fc","Calculated data"
"QCL","Crops and livestock products","231","United States of America","5510","Production","656","Coffee, green","2019","2019","tonnes","2320","","Official data"
"QCL","Crops and livestock products","155","Vanuatu","5312","Area harvested","656","Coffee, green","2019","2019","ha","50","Im","FAO data based on imputation methodology"
"QCL","Crops and livestock products","155","Vanuatu","5419","Yield","656","Coffee, green","2019","2019","hg/ha","6200","Fc","Calculated data"
"QCL","Crops and livestock products","155","Vanuatu","5510","Production","656","Coffee, green","2019","2019","tonnes","31","Im","FAO data based on imputation methodology"
"QCL","Crops and livestock products","236","Venezuela (Bolivarian Republic of)","5312","Area harvested","656","Coffee, green","2019","2019","ha","160634","Im","FAO data based on imputation methodology"
"QCL","Crops and livestock products","236","Venezuela (Bolivarian Republic of)","5419","Yield","656","Coffee, green","2019","2019","hg/ha","3530","Fc","Calculated data"
"QCL","Crops and livestock products","236","Venezuela (Bolivarian Republic of)","5510","Production","656","Coffee, green","2019","2019","tonnes","56709","Im","FAO data based on imputation methodology"
"QCL","Crops and livestock products","237","Viet Nam","5312","Area harvested","656","Coffee, green","2019","2019","ha","622637","","Official data"
"QCL","Crops and livestock products","237","Viet Nam","5419","Yield","656","Coffee, green","2019","2019","hg/ha","27046","Fc","Calculated data"
"QCL","Crops and livestock products","237","Viet Nam","5510","Production","656","Coffee, green","2019","2019","tonnes","1683971","","Official data"
"QCL","Crops and livestock products","249","Yemen","5312","Area harvested","656","Coffee, green","2019","2019","ha","34981","","Official data"
"QCL","Crops and livestock products","249","Yemen","5419","Yield","656","Coffee, green","2019","2019","hg/ha","5950","Fc","Calculated data"
"QCL","Crops and livestock products","249","Yemen","5510","Production","656","Coffee, green","2019","2019","tonnes","20812","","Official data"
"QCL","Crops and livestock products","251","Zambia","5312","Area harvested","656","Coffee, green","2019","2019","ha","7736","Im","FAO data based on imputation methodology"
"QCL","Crops and livestock products","251","Zambia","5419","Yield","656","Coffee, green","2019","2019","hg/ha","9018","Fc","Calculated data"
"QCL","Crops and livestock products","251","Zambia","5510","Production","656","Coffee, green","2019","2019","tonnes","6976","Im","FAO data based on imputation methodology"
"QCL","Crops and livestock products","181","Zimbabwe","5312","Area harvested","656","Coffee, green","2019","2019","ha","10920","Im","FAO data based on imputation methodology"
"QCL","Crops and livestock products","181","Zimbabwe","5419","Yield","656","Coffee, green","2019","2019","hg/ha","477","Fc","Calculated data"
"QCL","Crops and livestock products","181","Zimbabwe","5510","Production","656","Coffee, green","2019","2019","tonnes","521","Im","FAO data based on imputation methodology"
